country,cases,deaths,recovered,critical,active,mortality_rate,critical_ratio
Afghanistan,234174,7996,211080,0,15098,3.41,0.0
Albania,334863,3605,330233,0,1025,1.08,0.0
Algeria,272010,6881,183061,0,82068,2.53,0.0
Andorra,48015,165,0,0,47850,0.34,0.0
Angola,107327,1937,103419,0,1971,1.8,0.0
Anguilla,3904,12,0,0,3892,0.31,0.0
Antigua and Barbuda,9106,146,8954,0,6,1.6,0.0
Argentina,10128845,130841,9997258,0,746,1.29,0.0
Armenia,451831,8777,435162,0,7892,1.94,0.0
Aruba,44224,292,42438,2,1494,0.66,0.13
Australia,11853144,24414,11820014,3,8716,0.21,0.03
Austria,6081287,22542,6054934,0,3811,0.37,0.0
Azerbaijan,835234,10400,824089,0,745,1.25,0.0
Bahamas,38084,844,36366,1,874,2.22,0.11
Bahrain,729549,1574,727915,0,60,0.22,0.0
Bangladesh,2049377,29493,0,0,2019884,1.44,0.0
Barbados,110578,648,108647,0,1283,0.59,0.0
Belarus,994037,7118,985592,0,1327,0.72,0.0
Belgium,4861695,34376,4826798,0,521,0.71,0.0
Belize,71409,688,0,0,70721,0.96,0.0
Benin,28036,163,27847,0,26,0.58,0.0
Bermuda,18860,165,18685,0,10,0.87,0.0
Bhutan,62697,21,61564,0,1112,0.03,0.0
Bolivia,1212131,22407,1177145,220,12579,1.85,1.75
Bosnia,403615,16388,379084,0,8143,4.06,0.0
Botswana,330638,2801,327049,1,788,0.85,0.13
Brazil,38743918,711380,36249161,0,1783377,1.84,0.0
British Virgin Islands,7392,64,0,0,7328,0.87,0.0
Brunei,343719,225,243601,3,99893,0.07,0.0
Bulgaria,1339851,38748,1292944,22,8159,2.89,0.27
Burkina Faso,22114,400,21596,0,118,1.81,0.0
Burundi,54721,38,53569,0,1114,0.07,0.0
Cabo Verde,64477,417,63755,23,305,0.65,7.54
Cambodia,139103,3056,136044,0,3,2.2,0.0
Cameroon,125379,1974,123280,0,125,1.57,0.0
Canada,4946090,59034,4881312,99,5744,1.19,1.72
Caribbean Netherlands,11682,38,10476,0,1168,0.33,0.0
Cayman Islands,31472,37,8553,1,22882,0.12,0.0
Central African Republic,15440,113,15200,2,127,0.73,1.57
Chad,7701,194,4874,0,2633,2.52,0.0
Channel Islands,101717,228,101321,0,168,0.22,0.0
Chile,5384853,64497,5252450,7,67906,1.2,0.01
China,503302,5272,379053,0,118977,1.05,0.0
Colombia,6400173,143200,6212152,342,44821,2.24,0.76
Comoros,9109,161,8939,0,9,1.77,0.0
Congo,25375,386,24006,0,983,1.52,0.0
Cook Islands,7203,2,7150,0,51,0.03,0.0
Costa Rica,1238883,9428,0,0,1229455,0.76,0.0
Croatia,1309728,18687,1258432,0,32609,1.43,0.0
Cuba,1115251,8530,1106660,0,61,0.76,0.0
Curaçao,45986,295,44720,3,971,0.64,0.31
Cyprus,681110,1365,679745,0,0,0.2,0.0
Czechia,4759041,43517,4715206,2,318,0.91,0.63
Côte d'Ivoire,88384,835,87497,0,52,0.94,0.0
DRC,99338,1468,84489,0,13381,1.48,0.0
Denmark,3183756,8814,3174942,0,0,0.28,0.0
Diamond Princess,712,13,699,0,0,1.83,0.0
Djibouti,15690,189,15427,0,74,1.2,0.0
Dominica,16038,74,15964,0,0,0.46,0.0
Dominican Republic,675890,4384,671316,4,190,0.65,2.11
Ecuador,1070188,36043,1034145,0,0,3.37,0.0
Egypt,516023,24613,442182,122,49228,4.77,0.25
El Salvador,201855,4230,179410,0,18215,2.1,0.0
Equatorial Guinea,17229,183,16907,5,139,1.06,3.6
Eritrea,10189,103,10086,0,0,1.01,0.0
Estonia,628070,3001,0,0,625069,0.48,0.0
Ethiopia,501157,7574,488171,0,5412,1.51,0.0
Falkland Islands (Malvinas),1930,0,1930,0,0,0.0,0.0
Faroe Islands,34658,28,0,0,34630,0.08,0.0
Fiji,69117,885,67226,0,1006,1.28,0.0
Finland,1516117,11958,1503989,0,170,0.79,0.0
France,40138560,167642,39970918,0,0,0.42,0.0
French Guiana,98041,420,11254,6,86367,0.43,0.01
French Polynesia,79254,650,0,0,78604,0.82,0.0
Gabon,49051,307,48674,0,70,0.63,0.0
Gambia,12626,372,12189,0,65,2.95,0.0
Georgia,1861665,17132,0,0,1844533,0.92,0.0
Germany,38828995,183027,38240600,0,405368,0.47,0.0
Ghana,171889,1462,170425,0,2,0.85,0.0
Gibraltar,20550,113,0,0,20437,0.55,0.0
Greece,6101379,37869,0,0,6063510,0.62,0.0
Greenland,11971,21,2761,4,9189,0.18,0.04
Grenada,19693,238,19358,4,97,1.21,4.12
Guadeloupe,203235,1021,0,0,202214,0.5,0.0
Guatemala,1291293,20289,1269891,5,1113,1.57,0.45
Guinea,38572,468,37757,0,347,1.21,0.0
Guinea-Bissau,9614,177,8929,6,508,1.84,1.18
Guyana,74137,1300,72013,0,824,1.75,0.0
Haiti,34667,860,33734,0,73,2.48,0.0
Holy See (Vatican City State),29,0,29,0,0,0.0,0.0
Honduras,474590,11165,0,0,463425,2.35,0.0
Hong Kong,2937609,14924,2916005,0,6680,0.51,0.0
Hungary,2230232,49048,2152155,0,29029,2.2,0.0
Iceland,209906,229,0,0,209677,0.11,0.0
India,45035393,533570,0,0,44501823,1.18,0.0
Indonesia,6829221,162063,6647104,0,20054,2.37,0.0
Iran,7627186,146811,0,0,7480375,1.92,0.0
Iraq,2465545,25375,2439497,0,673,1.03,0.0
Ireland,1734582,9491,1724921,19,170,0.55,11.18
Isle of Man,38008,116,0,0,37892,0.31,0.0
Israel,4841772,12707,4798473,0,30592,0.26,0.0
Italy,26723249,196487,26361218,22,165544,0.74,0.01
Jamaica,156869,3756,0,0,153113,2.39,0.0
Japan,33803572,74694,0,0,33728878,0.22,0.0
Jordan,1746997,14122,1731007,59,1868,0.81,3.16
Kazakhstan,1411831,13848,1383020,24,14963,0.98,0.16
Kenya,344130,5689,337309,0,1132,1.65,0.0
Kiribati,5085,24,2703,3,2358,0.47,0.13
Kuwait,667158,2570,0,0,664588,0.39,0.0
Kyrgyzstan,206897,2991,196406,131,7500,1.45,1.75
Lao People's Democratic Republic,218970,758,0,0,218212,0.35,0.0
Latvia,982505,6715,971406,0,4384,0.68,0.0
Lebanon,1243838,10952,1087587,74,145299,0.88,0.05
Lesotho,36138,723,25980,0,9435,2.0,0.0
Liberia,8090,295,7783,2,12,3.65,16.67
Libyan Arab Jamahiriya,507274,6437,500835,0,2,1.27,0.0
Liechtenstein,21574,94,0,0,21480,0.44,0.0
Lithuania,1397806,9897,1387478,0,431,0.71,0.0
Luxembourg,391232,1232,0,0,390000,0.31,0.0
MS Zaandam,9,2,7,0,0,22.22,0.0
Macao,27673,123,3487,0,24063,0.44,0.0
Macedonia,350567,9976,337068,0,3523,2.85,0.0
Madagascar,68486,1426,66862,0,198,2.08,0.0
Malawi,89535,2686,0,0,86849,3.0,0.0
Malaysia,5278406,37348,5233268,11,7790,0.71,0.14
Maldives,186694,316,163687,25,22691,0.17,0.11
Mali,33164,743,32332,0,89,2.24,0.0
Malta,121420,885,120149,0,386,0.73,0.0
Marshall Islands,16138,17,16121,0,0,0.11,0.0
Martinique,230354,1102,0,0,229252,0.48,0.0
Mauritania,63848,997,62471,0,380,1.56,0.0
Mauritius,43025,1051,41278,0,696,2.44,0.0
Mayotte,42027,188,0,0,41839,0.45,0.0
Mexico,7702809,334958,6899865,0,467986,4.35,0.0
Micronesia,26547,65,0,0,26482,0.24,0.0
Moldova,635145,12218,0,0,622927,1.92,0.0
Monaco,17181,67,0,0,17114,0.39,0.0
Mongolia,1011496,2284,1009212,0,0,0.23,0.0
Montenegro,296542,2846,291794,0,1902,0.96,0.0
Montserrat,1403,8,1376,0,19,0.57,0.0
Morocco,1278992,16303,0,0,1262689,1.27,0.0
Mozambique,233731,2250,228805,11,2676,0.96,0.41
Myanmar,641873,19495,620159,0,2219,3.04,0.0
N. Korea,4772813,74,4772739,0,0,0.0,0.0
Namibia,172389,4106,167099,0,1184,2.38,0.0
Nauru,5393,1,5347,0,45,0.02,0.0
Nepal,1003450,12031,991322,0,97,1.2,0.0
Netherlands,8635786,22992,8612599,0,195,0.27,0.0
New Caledonia,80064,314,0,0,79750,0.39,0.0
New Zealand,2621111,5697,2613791,0,1623,0.22,0.0
Nicaragua,18491,225,4225,0,14041,1.22,0.0
Niger,9931,312,8890,1,729,3.14,0.14
Nigeria,267188,3155,259953,11,4080,1.18,0.27
Niue,1059,0,1056,0,3,0.0,0.0
Norway,1509732,6638,1503094,0,0,0.44,0.0
Oman,399449,4628,0,0,394821,1.16,0.0
Pakistan,1581936,30664,1538689,0,12583,1.94,0.0
Palau,6290,10,6276,0,4,0.16,0.0
Palestine,621008,5404,615445,0,159,0.87,0.0
Panama,1059893,8727,1051102,16,64,0.82,25.0
Papua New Guinea,46864,670,46168,0,26,1.43,0.0
Paraguay,837602,20155,0,0,817447,2.41,0.0
Peru,4572667,222161,4350506,4,0,4.86,0.0
Philippines,4140383,66864,4067381,0,6138,1.61,0.0
Poland,6661991,120598,0,0,6541393,1.81,0.0
Portugal,5643062,28126,5614809,61,127,0.5,48.03
Qatar,514524,690,513687,16,147,0.13,10.88
Romania,3529735,68929,3460149,21,657,1.95,3.2
Russia,24124215,402756,23545818,0,175641,1.67,0.0
Rwanda,133518,1468,132039,0,11,1.1,0.0
Réunion,494595,921,0,0,493674,0.19,0.0
S. Korea,34571873,35934,34535939,0,0,0.1,0.0
Saint Helena,2166,0,2,0,2164,0.0,0.0
Saint Kitts and Nevis,6607,48,6559,0,0,0.73,0.0
Saint Lucia,30215,410,29805,0,0,1.36,0.0
Saint Martin,12324,63,0,0,12261,0.51,0.0
Saint Pierre Miquelon,3452,2,2449,0,1001,0.06,0.0
Saint Vincent and the Grenadines,9674,124,9493,0,57,1.28,0.0
Samoa,17006,31,1605,0,15370,0.18,0.0
San Marino,26185,128,26011,0,46,0.49,0.0
Sao Tome and Principe,6778,80,6685,0,13,1.18,0.0
Saudi Arabia,841469,9646,0,0,831823,1.15,0.0
Senegal,89053,1971,87024,0,58,2.21,0.0
Serbia,2615054,18057,2596608,0,389,0.69,0.0
Seychelles,51220,172,51048,0,0,0.34,0.0
Sierra Leone,7779,126,0,0,7653,1.62,0.0
Singapore,3006155,2024,3004131,4,0,0.07,0.0
Sint Maarten,11051,92,10905,0,54,0.83,0.0
Slovakia,1877605,21224,1856381,23,0,1.13,0.0
Slovenia,1356546,7100,1349424,0,22,0.52,0.0
Solomon Islands,25954,199,0,0,25755,0.77,0.0
Somalia,27334,1361,13182,0,12791,4.98,0.0
South Africa,4076463,102595,3912506,192,61362,2.52,0.31
South Sudan,18819,147,18115,1,557,0.78,0.18
Spain,13914811,121760,13762417,231,30634,0.88,0.75
Sri Lanka,672754,16897,655852,0,5,2.51,0.0
St. Barth,5507,6,0,0,5501,0.11,0.0
Sudan,63993,5046,58947,0,0,7.89,0.0
Suriname,82588,1408,0,0,81180,1.7,0.0
Swaziland,75191,1427,73116,0,648,1.9,0.0
Sweden,2754129,27407,2726492,0,230,1.0,0.0
Switzerland,4453053,14452,4438309,0,292,0.32,0.0
Syrian Arab Republic,57743,3165,54578,0,0,5.48,0.0
Taiwan,10241523,19005,10222518,0,0,0.19,0.0
Tajikistan,17786,125,17264,0,397,0.7,0.0
Tanzania,43223,846,0,0,42377,1.96,0.0
Thailand,4770149,34586,4692636,0,42927,0.73,0.0
Timor-Leste,23460,138,23102,0,220,0.59,0.0
Togo,39572,290,39281,0,1,0.73,0.0
Tokelau,80,0,0,0,80,0.0,0.0
Tonga,16950,13,15638,0,1299,0.08,0.0
Trinidad and Tobago,191496,4390,187078,0,28,2.29,0.0
Tunisia,1153361,29423,0,0,1123938,2.55,0.0
Turkey,17232066,102174,0,0,17129892,0.59,0.0
Turks and Caicos Islands,6752,40,6709,4,3,0.59,133.33
Tuvalu,2943,1,0,0,2942,0.03,0.0
UAE,1067030,2349,0,0,1064681,0.22,0.0
UK,24910387,232112,24678275,0,0,0.93,0.0
USA,111820082,1219487,109814428,940,786167,1.09,0.12
Uganda,172149,3632,100431,0,68086,2.11,0.0
Ukraine,5557995,112418,5445577,0,0,2.02,0.0
Uruguay,1041111,7664,1030944,18,2503,0.74,0.72
Uzbekistan,253662,1637,241486,23,10539,0.65,0.22
Vanuatu,12019,14,11976,0,29,0.12,0.0
Venezuela,552695,5856,546537,31,302,1.06,10.26
Vietnam,11625195,43206,10640971,0,941018,0.37,0.0
Wallis and Futuna,3550,8,438,0,3104,0.23,0.0
Western Sahara,10,1,9,0,0,10.0,0.0
Yemen,11945,2159,9124,0,662,18.07,0.0
Zambia,349304,4069,341316,0,3919,1.16,0.0
Zimbabwe,266359,5740,258888,12,1731,2.15,0.69
