api_fetched_at,timestamp,temperature,rainfall,hour,condition
2026-06-08 17:20:04,2026-06-01 00:00:00,14.4,0.0,0,Clear
2026-06-08 17:20:04,2026-06-01 01:00:00,14.1,0.0,1,Clear
2026-06-08 17:20:04,2026-06-01 02:00:00,14.1,0.0,2,Clear
2026-06-08 17:20:04,2026-06-01 03:00:00,13.9,0.0,3,Clear
2026-06-08 17:20:04,2026-06-01 04:00:00,13.3,0.0,4,Clear
2026-06-08 17:20:04,2026-06-01 05:00:00,13.4,0.0,5,Clear
2026-06-08 17:20:04,2026-06-01 06:00:00,14.4,0.0,6,Clear
2026-06-08 17:20:04,2026-06-01 07:00:00,15.6,0.0,7,Clear
2026-06-08 17:20:04,2026-06-01 08:00:00,17.1,0.0,8,Clear
2026-06-08 17:20:04,2026-06-01 09:00:00,17.5,0.0,9,Clear
2026-06-08 17:20:04,2026-06-01 10:00:00,18.3,0.0,10,Clear
2026-06-08 17:20:04,2026-06-01 11:00:00,19.4,0.0,11,Clear
2026-06-08 17:20:04,2026-06-01 12:00:00,19.6,0.0,12,Clear
2026-06-08 17:20:04,2026-06-01 13:00:00,20.9,0.0,13,Clear
2026-06-08 17:20:04,2026-06-01 14:00:00,21.7,0.0,14,Clear
2026-06-08 17:20:04,2026-06-01 15:00:00,22.2,0.0,15,Clear
2026-06-08 17:20:04,2026-06-01 16:00:00,22.3,0.0,16,Clear
2026-06-08 17:20:04,2026-06-01 17:00:00,22.2,0.0,17,Clear
2026-06-08 17:20:04,2026-06-01 18:00:00,21.5,0.0,18,Clear
2026-06-08 17:20:04,2026-06-01 19:00:00,20.6,0.0,19,Clear
2026-06-08 17:20:04,2026-06-01 20:00:00,19.6,0.0,20,Clear
2026-06-08 17:20:04,2026-06-01 21:00:00,18.5,0.0,21,Clear
2026-06-08 17:20:04,2026-06-01 22:00:00,17.4,0.0,22,Clear
2026-06-08 17:20:04,2026-06-01 23:00:00,16.7,0.0,23,Clear
2026-06-08 17:20:04,2026-06-02 00:00:00,15.9,0.0,0,Clear
2026-06-08 17:20:04,2026-06-02 01:00:00,15.6,0.0,1,Clear
2026-06-08 17:20:04,2026-06-02 02:00:00,15.3,0.0,2,Clear
2026-06-08 17:20:04,2026-06-02 03:00:00,15.2,0.0,3,Clear
2026-06-08 17:20:04,2026-06-02 04:00:00,15.0,0.0,4,Clear
2026-06-08 17:20:04,2026-06-02 05:00:00,15.4,0.0,5,Clear
2026-06-08 17:20:04,2026-06-02 06:00:00,17.0,0.0,6,Clear
2026-06-08 17:20:04,2026-06-02 07:00:00,18.3,0.0,7,Clear
2026-06-08 17:20:04,2026-06-02 08:00:00,19.9,0.0,8,Clear
2026-06-08 17:20:04,2026-06-02 09:00:00,21.9,0.0,9,Clear
2026-06-08 17:20:04,2026-06-02 10:00:00,23.5,0.0,10,Clear
2026-06-08 17:20:04,2026-06-02 11:00:00,24.4,0.0,11,Clear
2026-06-08 17:20:04,2026-06-02 12:00:00,25.1,0.0,12,Clear
2026-06-08 17:20:04,2026-06-02 13:00:00,25.5,0.0,13,Clear
2026-06-08 17:20:04,2026-06-02 14:00:00,25.3,0.0,14,Clear
2026-06-08 17:20:04,2026-06-02 15:00:00,26.2,0.0,15,Clear
2026-06-08 17:20:04,2026-06-02 16:00:00,25.8,0.0,16,Clear
2026-06-08 17:20:04,2026-06-02 17:00:00,25.7,0.0,17,Clear
2026-06-08 17:20:04,2026-06-02 18:00:00,25.5,0.0,18,Clear
2026-06-08 17:20:04,2026-06-02 19:00:00,24.2,0.0,19,Clear
2026-06-08 17:20:04,2026-06-02 20:00:00,22.7,0.0,20,Clear
2026-06-08 17:20:04,2026-06-02 21:00:00,21.7,0.0,21,Clear
2026-06-08 17:20:04,2026-06-02 22:00:00,20.4,0.0,22,Clear
2026-06-08 17:20:04,2026-06-02 23:00:00,19.5,0.0,23,Clear
2026-06-08 17:20:04,2026-06-03 00:00:00,19.0,0.0,0,Clear
2026-06-08 17:20:04,2026-06-03 01:00:00,18.3,0.0,1,Clear
2026-06-08 17:20:04,2026-06-03 02:00:00,17.5,0.0,2,Clear
2026-06-08 17:20:04,2026-06-03 03:00:00,17.8,0.0,3,Clear
2026-06-08 17:20:04,2026-06-03 04:00:00,17.1,0.3,4,Light Rain
2026-06-08 17:20:04,2026-06-03 05:00:00,16.7,2.0,5,Light Rain
2026-06-08 17:20:04,2026-06-03 06:00:00,16.1,1.2,6,Light Rain
2026-06-08 17:20:04,2026-06-03 07:00:00,16.3,1.2,7,Light Rain
2026-06-08 17:20:04,2026-06-03 08:00:00,17.1,0.1,8,Light Rain
2026-06-08 17:20:04,2026-06-03 09:00:00,17.6,0.0,9,Clear
2026-06-08 17:20:04,2026-06-03 10:00:00,18.8,0.0,10,Clear
2026-06-08 17:20:04,2026-06-03 11:00:00,19.0,0.0,11,Clear
2026-06-08 17:20:04,2026-06-03 12:00:00,19.5,0.0,12,Clear
2026-06-08 17:20:04,2026-06-03 13:00:00,20.2,0.0,13,Clear
2026-06-08 17:20:04,2026-06-03 14:00:00,20.4,0.0,14,Clear
2026-06-08 17:20:04,2026-06-03 15:00:00,20.3,0.0,15,Clear
2026-06-08 17:20:04,2026-06-03 16:00:00,20.4,0.0,16,Clear
2026-06-08 17:20:04,2026-06-03 17:00:00,20.7,0.0,17,Clear
2026-06-08 17:20:04,2026-06-03 18:00:00,20.3,0.0,18,Clear
2026-06-08 17:20:04,2026-06-03 19:00:00,20.0,0.0,19,Clear
2026-06-08 17:20:04,2026-06-03 20:00:00,18.8,0.0,20,Clear
2026-06-08 17:20:04,2026-06-03 21:00:00,17.4,0.0,21,Clear
2026-06-08 17:20:04,2026-06-03 22:00:00,17.0,0.0,22,Clear
2026-06-08 17:20:04,2026-06-03 23:00:00,16.6,0.0,23,Clear
2026-06-08 17:20:04,2026-06-04 00:00:00,15.3,0.0,0,Clear
2026-06-08 17:20:04,2026-06-04 01:00:00,14.7,0.0,1,Clear
2026-06-08 17:20:04,2026-06-04 02:00:00,14.3,0.0,2,Clear
2026-06-08 17:20:04,2026-06-04 03:00:00,13.8,0.0,3,Clear
2026-06-08 17:20:04,2026-06-04 04:00:00,13.9,0.0,4,Clear
2026-06-08 17:20:04,2026-06-04 05:00:00,14.8,0.0,5,Clear
2026-06-08 17:20:04,2026-06-04 06:00:00,16.3,0.0,6,Clear
2026-06-08 17:20:04,2026-06-04 07:00:00,17.9,0.0,7,Clear
2026-06-08 17:20:04,2026-06-04 08:00:00,19.4,0.0,8,Clear
2026-06-08 17:20:04,2026-06-04 09:00:00,21.2,0.0,9,Clear
2026-06-08 17:20:04,2026-06-04 10:00:00,22.2,0.0,10,Clear
2026-06-08 17:20:04,2026-06-04 11:00:00,23.0,0.0,11,Clear
2026-06-08 17:20:04,2026-06-04 12:00:00,23.7,0.0,12,Clear
2026-06-08 17:20:04,2026-06-04 13:00:00,23.7,0.0,13,Clear
2026-06-08 17:20:04,2026-06-04 14:00:00,23.2,0.0,14,Clear
2026-06-08 17:20:04,2026-06-04 15:00:00,23.3,0.0,15,Clear
2026-06-08 17:20:04,2026-06-04 16:00:00,20.1,1.1,16,Light Rain
2026-06-08 17:20:04,2026-06-04 17:00:00,20.7,0.0,17,Clear
2026-06-08 17:20:04,2026-06-04 18:00:00,19.8,0.0,18,Clear
2026-06-08 17:20:04,2026-06-04 19:00:00,19.5,0.0,19,Clear
2026-06-08 17:20:04,2026-06-04 20:00:00,18.6,0.4,20,Light Rain
2026-06-08 17:20:04,2026-06-04 21:00:00,17.4,0.3,21,Light Rain
2026-06-08 17:20:04,2026-06-04 22:00:00,16.9,0.1,22,Light Rain
2026-06-08 17:20:04,2026-06-04 23:00:00,16.2,0.1,23,Light Rain
2026-06-08 17:20:04,2026-06-05 00:00:00,16.2,0.0,0,Clear
2026-06-08 17:20:04,2026-06-05 01:00:00,15.7,0.0,1,Clear
2026-06-08 17:20:04,2026-06-05 02:00:00,15.4,0.0,2,Clear
2026-06-08 17:20:04,2026-06-05 03:00:00,15.3,0.0,3,Clear
2026-06-08 17:20:04,2026-06-05 04:00:00,15.1,0.0,4,Clear
2026-06-08 17:20:04,2026-06-05 05:00:00,15.2,0.0,5,Clear
2026-06-08 17:20:04,2026-06-05 06:00:00,15.5,0.0,6,Clear
2026-06-08 17:20:04,2026-06-05 07:00:00,16.3,0.0,7,Clear
2026-06-08 17:20:04,2026-06-05 08:00:00,17.2,0.0,8,Clear
2026-06-08 17:20:04,2026-06-05 09:00:00,18.0,0.0,9,Clear
2026-06-08 17:20:04,2026-06-05 10:00:00,19.0,0.0,10,Clear
2026-06-08 17:20:04,2026-06-05 11:00:00,20.1,0.0,11,Clear
2026-06-08 17:20:04,2026-06-05 12:00:00,19.7,0.0,12,Clear
2026-06-08 17:20:04,2026-06-05 13:00:00,20.6,0.0,13,Clear
2026-06-08 17:20:04,2026-06-05 14:00:00,20.9,0.0,14,Clear
2026-06-08 17:20:04,2026-06-05 15:00:00,20.9,0.0,15,Clear
2026-06-08 17:20:04,2026-06-05 16:00:00,20.9,0.0,16,Clear
2026-06-08 17:20:04,2026-06-05 17:00:00,21.2,0.0,17,Clear
2026-06-08 17:20:04,2026-06-05 18:00:00,21.1,0.0,18,Clear
2026-06-08 17:20:04,2026-06-05 19:00:00,20.5,0.0,19,Clear
2026-06-08 17:20:04,2026-06-05 20:00:00,18.4,0.2,20,Light Rain
2026-06-08 17:20:04,2026-06-05 21:00:00,16.1,0.0,21,Clear
2026-06-08 17:20:04,2026-06-05 22:00:00,15.9,0.0,22,Clear
2026-06-08 17:20:04,2026-06-05 23:00:00,15.3,0.0,23,Clear
2026-06-08 17:20:04,2026-06-06 00:00:00,14.1,0.0,0,Clear
2026-06-08 17:20:04,2026-06-06 01:00:00,13.6,0.0,1,Clear
2026-06-08 17:20:04,2026-06-06 02:00:00,13.1,0.0,2,Clear
2026-06-08 17:20:04,2026-06-06 03:00:00,12.2,0.0,3,Clear
2026-06-08 17:20:04,2026-06-06 04:00:00,12.1,0.0,4,Clear
2026-06-08 17:20:04,2026-06-06 05:00:00,13.0,0.0,5,Clear
2026-06-08 17:20:04,2026-06-06 06:00:00,15.0,0.0,6,Clear
2026-06-08 17:20:04,2026-06-06 07:00:00,16.6,0.0,7,Clear
2026-06-08 17:20:04,2026-06-06 08:00:00,18.3,0.0,8,Clear
2026-06-08 17:20:04,2026-06-06 09:00:00,20.1,0.0,9,Clear
2026-06-08 17:20:04,2026-06-06 10:00:00,21.5,0.0,10,Clear
2026-06-08 17:20:04,2026-06-06 11:00:00,22.6,0.0,11,Clear
2026-06-08 17:20:04,2026-06-06 12:00:00,23.0,0.0,12,Clear
2026-06-08 17:20:04,2026-06-06 13:00:00,23.9,0.0,13,Clear
2026-06-08 17:20:04,2026-06-06 14:00:00,23.2,0.0,14,Clear
2026-06-08 17:20:04,2026-06-06 15:00:00,24.4,0.0,15,Clear
2026-06-08 17:20:04,2026-06-06 16:00:00,24.7,0.0,16,Clear
2026-06-08 17:20:04,2026-06-06 17:00:00,24.1,0.0,17,Clear
2026-06-08 17:20:04,2026-06-06 18:00:00,23.6,0.0,18,Clear
2026-06-08 17:20:04,2026-06-06 19:00:00,23.1,0.0,19,Clear
2026-06-08 17:20:04,2026-06-06 20:00:00,22.1,0.0,20,Clear
2026-06-08 17:20:04,2026-06-06 21:00:00,20.4,0.0,21,Clear
2026-06-08 17:20:04,2026-06-06 22:00:00,19.2,0.0,22,Clear
2026-06-08 17:20:04,2026-06-06 23:00:00,18.2,0.0,23,Clear
2026-06-08 17:20:04,2026-06-07 00:00:00,17.0,0.0,0,Clear
2026-06-08 17:20:04,2026-06-07 01:00:00,16.8,0.0,1,Clear
2026-06-08 17:20:04,2026-06-07 02:00:00,17.3,0.0,2,Clear
2026-06-08 17:20:04,2026-06-07 03:00:00,16.8,0.0,3,Clear
2026-06-08 17:20:04,2026-06-07 04:00:00,15.9,0.1,4,Light Rain
2026-06-08 17:20:04,2026-06-07 05:00:00,16.0,0.3,5,Light Rain
2026-06-08 17:20:04,2026-06-07 06:00:00,16.4,0.0,6,Clear
2026-06-08 17:20:04,2026-06-07 07:00:00,17.9,0.0,7,Clear
2026-06-08 17:20:04,2026-06-07 08:00:00,17.4,0.2,8,Light Rain
2026-06-08 17:20:04,2026-06-07 09:00:00,19.5,0.0,9,Clear
2026-06-08 17:20:04,2026-06-07 10:00:00,19.9,0.0,10,Clear
2026-06-08 17:20:04,2026-06-07 11:00:00,20.6,0.0,11,Clear
2026-06-08 17:20:04,2026-06-07 12:00:00,20.4,0.0,12,Clear
2026-06-08 17:20:04,2026-06-07 13:00:00,20.4,0.0,13,Clear
2026-06-08 17:20:04,2026-06-07 14:00:00,20.1,0.0,14,Clear
2026-06-08 17:20:04,2026-06-07 15:00:00,20.4,0.0,15,Clear
2026-06-08 17:20:04,2026-06-07 16:00:00,20.2,0.0,16,Clear
2026-06-08 17:20:04,2026-06-07 17:00:00,20.1,0.0,17,Clear
2026-06-08 17:20:04,2026-06-07 18:00:00,19.7,0.0,18,Clear
2026-06-08 17:20:04,2026-06-07 19:00:00,18.8,0.0,19,Clear
2026-06-08 17:20:04,2026-06-07 20:00:00,18.0,0.0,20,Clear
2026-06-08 17:20:04,2026-06-07 21:00:00,17.5,0.0,21,Clear
2026-06-08 17:20:04,2026-06-07 22:00:00,17.0,0.0,22,Clear
2026-06-08 17:20:04,2026-06-07 23:00:00,16.6,0.0,23,Clear
2026-06-08 17:20:04,2026-06-08 00:00:00,15.6,0.0,0,Clear
2026-06-08 17:20:04,2026-06-08 01:00:00,15.1,0.0,1,Clear
2026-06-08 17:20:04,2026-06-08 02:00:00,14.5,0.0,2,Clear
2026-06-08 17:20:04,2026-06-08 03:00:00,13.2,0.0,3,Clear
2026-06-08 17:20:04,2026-06-08 04:00:00,13.0,0.0,4,Clear
2026-06-08 17:20:04,2026-06-08 05:00:00,13.9,0.0,5,Clear
2026-06-08 17:20:04,2026-06-08 06:00:00,15.5,0.0,6,Clear
2026-06-08 17:20:04,2026-06-08 07:00:00,17.2,0.0,7,Clear
2026-06-08 17:20:04,2026-06-08 08:00:00,18.6,0.0,8,Clear
2026-06-08 17:20:04,2026-06-08 09:00:00,19.8,0.0,9,Clear
2026-06-08 17:20:04,2026-06-08 10:00:00,21.0,0.0,10,Clear
2026-06-08 17:20:04,2026-06-08 11:00:00,22.3,0.0,11,Clear
2026-06-08 17:20:04,2026-06-08 12:00:00,23.1,0.0,12,Clear
2026-06-08 17:20:04,2026-06-08 13:00:00,24.5,0.0,13,Clear
2026-06-08 17:20:04,2026-06-08 14:00:00,24.5,0.0,14,Clear
2026-06-08 17:20:04,2026-06-08 15:00:00,25.4,0.0,15,Clear
2026-06-08 17:20:04,2026-06-08 16:00:00,25.4,0.0,16,Clear
2026-06-08 17:20:04,2026-06-08 17:00:00,25.2,0.0,17,Clear
2026-06-08 17:20:04,2026-06-08 18:00:00,24.8,0.0,18,Clear
2026-06-08 17:20:04,2026-06-08 19:00:00,23.8,0.0,19,Clear
2026-06-08 17:20:04,2026-06-08 20:00:00,22.6,0.0,20,Clear
2026-06-08 17:20:04,2026-06-08 21:00:00,21.6,0.0,21,Clear
2026-06-08 17:20:04,2026-06-08 22:00:00,20.8,0.0,22,Clear
2026-06-08 17:20:04,2026-06-08 23:00:00,20.4,0.0,23,Clear
